system,age_group,n,MAE,RMSE
CNN_Best3Grid,<=15,62,2.2214845250749238,3.116956907579091
CNN_Best3Grid,16-25,48,0.9920206342203276,1.1893286872470556
CNN_Best3Grid,26-50,5,20.42526432816667,22.801034534631963
CNN_Best3Grid,>50,1,31.346272496666668,31.346272496666668
